{
    "objects": [
        {
            "modelPath": "floor-3/floor-3.obj",
            "position": [0,0,0],
            "rotation": [0,0,0],
            "scale": [1,1,1],
            "materialName": "floor-3"
        },
        {
            "modelPath": "floor-stairs.obj",
            "position": [6.3,0.5,-0.8],
            "rotation": [0,0,0],
            "scale": [1,1,1],
            "materialName": "concrete"
        },
        {
            "modelPath": "floor-3/floor-3-doors.obj",
            "position": [0,0,0],
            "rotation": [0,0,0],
            "scale": [1,1,1],
            "materialName": "doors"
        },
        {
            "modelPath": "floor-3/floor-3-walls.obj",
            "position": [0,0,0],
            "rotation": [0,0,0],
            "scale": [1,1,1],
            "materialName": "walls"
        }
    ]
}