{
    "objects": [
        {
            "modelPath": "floor-6/floor-6.obj",
            "position": [0,0,0],
            "rotation": [0,0,0],
            "scale": [1,1,1],
            "materialName": "floor-6"
        },
        {
            "modelPath": "floor-stairs.obj",
            "position": [13.8,-0.1,7.2],
            "rotation": [0,0,0],
            "scale": [1,1,1],
            "materialName": "concrete"
        },
        {
            "modelPath": "floor-6/floor-6-doors.obj",
            "position": [0,0,0],
            "rotation": [0,0,0],
            "scale": [1,1,1],
            "materialName": "doors"
        },
        {
            "modelPath": "floor-6/floor-6-walls.obj",
            "position": [0,0,0],
            "rotation": [0,0,0],
            "scale": [1,1,1],
            "materialName": "walls"
        }
    ]
}