{
    "objects": [
        {
            "modelPath": "floor-5/floor-5.obj",
            "position": [0,0,0],
            "rotation": [0,0,0],
            "scale": [1,1,1],
            "materialName": "floor-5"
        },
        {
            "modelPath": "floor-stairs.obj",
            "position": [11,1,8],
            "rotation": [0,0,0],
            "scale": [1,1,1],
            "materialName": "concrete"
        },
        {
            "modelPath": "floor-5/floor-5-doors.obj",
            "position": [0,0,0],
            "rotation": [0,0,0],
            "scale": [1,1,1],
            "materialName": "doors"
        },
        {
            "modelPath": "floor-5/floor-5-walls.obj",
            "position": [0,0,0],
            "rotation": [0,0,0],
            "scale": [1,1,1],
            "materialName": "walls"
        }
    ]
}