{
    "objects": [
        {
            "modelPath": "floor-1/floor-1.obj",
            "position": [0,0,0],
            "rotation": [0,0,0],
            "scale": [1,1,1],
            "materialName": "floor-1"
        },
        {
            "modelPath": "floor-stairs.obj",
            "position": [0.35,1,0],
            "rotation": [0,0,0],
            "scale": [1,1,1],
            "materialName": "concrete"
        },
        {
            "modelPath": "floor-2/floor-2-stairs.obj",
            "position": [0,4.1,0],
            "rotation": [0,0,0],
            "scale": [1,1,1],
            "materialName": "concrete"
        },
        {
            "modelPath": "floor-1/floor-1-doors.obj",
            "position": [0,0,0],
            "rotation": [0,0,0],
            "scale": [1,1,1],
            "materialName": "doors"
        },
        {
            "modelPath": "floor-1/floor-1-walls.obj",
            "position": [0,0,0],
            "rotation": [0,0,0],
            "scale": [1,1,1],
            "materialName": "walls"
        }
    ]
}