{
    "objects": [
        {
            "modelPath": "floor-4/floor-4.obj",
            "position": [0,0,0],
            "rotation": [0,0,0],
            "scale": [1,1,1],
            "materialName": "floor-4"
        },
        {
            "modelPath": "floor-stairs.obj",
            "position": [-1.8,0,-2],
            "rotation": [0,0,0],
            "scale": [1,1,1],
            "materialName": "concrete"
        },
        {
            "modelPath": "floor-4/floor-4-doors.obj",
            "position": [0,0,0],
            "rotation": [0,0,0],
            "scale": [1,1,1],
            "materialName": "doors"
        },
        {
            "modelPath": "floor-4/floor-4-walls.obj",
            "position": [0,0,0],
            "rotation": [0,0,0],
            "scale": [1,1,1],
            "materialName": "walls"
        }
    ]
}