{
    "materials": [
      {
        "name": "concrete",
        "colour": [
          1.0,
          0.4,
          0.4,
          1.0
        ],
        "metallic": 0,
        "roughness": 1.0,
        "hasTexture": true,
        "texturePath": "Concrete034_1K-JPG/Concrete034_1K_Color.jpg",
        "hasRoughnessTexture": true,
        "roughnessPath": "Concrete034_1K-JPG/Concrete034_1K_Roughness.jpg"
      },
      {
        "name": "walls",
        "colour": [
          1.0,
          0.4,
          0.4,
          1.0
        ],
        "metallic": 0,
        "roughness": 1.0,
        "hasTexture": true,
        "texturePath": "Concrete034_1K-JPG/Concrete034_1K_Color.jpg",
        "hasRoughnessTexture": true,
        "roughnessPath": "Concrete034_1K-JPG/Concrete034_1K_Roughness.jpg"
      },
      {
        "name": "floor-6",
        "colour": [
          0.85,
          0.85,
          0.85,
          1.0
        ],
        "metallic": 0,
        "roughness": 1.0,
        "hasTexture": true,
        "texturePath": "floor6-map.jpg",
        "hasRoughnessTexture": true,
        "roughnessPath": "Concrete034_1K-JPG/Concrete034_1K_Roughness.jpg"
      },
      {
        "name": "floor-5",
        "colour": [
          0.85,
          0.85,
          0.85,
          1.0
        ],
        "metallic": 0,
        "roughness": 1.0,
        "hasTexture": true,
        "texturePath": "floor5-map.jpg",
        "hasRoughnessTexture": true,
        "roughnessPath": "Concrete034_1K-JPG/Concrete034_1K_Roughness.jpg"
      },
      {
        "name": "floor-4",
        "colour": [
          0.85,
          0.85,
          0.85,
          1.0
        ],
        "metallic": 0,
        "roughness": 1.0,
        "hasTexture": true,
        "texturePath": "floor4-map.jpg",
        "hasRoughnessTexture": true,
        "roughnessPath": "Concrete034_1K-JPG/Concrete034_1K_Roughness.jpg"
      },
      {
        "name": "floor-3",
        "colour": [
          0.85,
          0.85,
          0.85,
          1.0
        ],
        "metallic": 0,
        "roughness": 1.0,
        "hasTexture": true,
        "texturePath": "floor3-map.jpg",
        "hasRoughnessTexture": true,
        "roughnessPath": "Concrete034_1K-JPG/Concrete034_1K_Roughness.jpg"
      },
      {
        "name": "floor-2",
        "colour": [
          0.85,
          0.85,
          0.85,
          1.0
        ],
        "metallic": 0,
        "roughness": 1.0,
        "hasTexture": true,
        "texturePath": "floor2-map.jpg",
        "hasRoughnessTexture": true,
        "roughnessPath": "Concrete034_1K-JPG/Concrete034_1K_Roughness.jpg"
      },
      {
        "name": "floor-1",
        "colour": [
          0.85,
          0.85,
          0.85,
          1.0
        ],
        "metallic": 0,
        "roughness": 1.0,
        "hasTexture": true,
        "texturePath": "floor1-map.jpg",
        "hasRoughnessTexture": true,
        "roughnessPath": "Concrete034_1K-JPG/Concrete034_1K_Roughness.jpg"
      },
      {
        "name": "floor-0",
        "colour": [
          0.85,
          0.85,
          0.85,
          1.0
        ],
        "metallic": 0,
        "roughness": 1.0,
        "hasTexture": true,
        "texturePath": "floor0-map.jpg",
        "hasRoughnessTexture": true,
        "roughnessPath": "Concrete034_1K-JPG/Concrete034_1K_Roughness.jpg"
      },
      {
        "name": "text",
        "colour": [
          0.8,
          0.2,
          0.2,
          1.0
        ],
        "metallic": 0,
        "roughness": 0.9,
        "hasTexture": false,
        "hasRoughnessTexture": true,
        "roughnessPath": "Marble-Roughness.jpg"
      },
      {
        "name": "chairs",
        "colour": [
          0.8,
          0.2,
          0.2,
          1.0
        ],
        "metallic": 0,
        "roughness": 0.4,
        "hasTexture": false,
        "hasRoughnessTexture": true,
        "roughnessPath": "Marble-Roughness.jpg"
      },
      {
        "name": "black-metal",
        "colour": [
          0.2,
          0.2,
          0.2,
          1.0
        ],
        "metallic": 1,
        "roughness": 0.2,
        "hasTexture": false,
        "hasRoughnessTexture": true,
        "roughnessPath": "Marble-Roughness.jpg"
      },
      {
        "name": "doors",
        "colour": [
          0.8,
          0.8,
          0.8,
          1.0
        ],
        "metallic": 0.0,
        "roughness": 0.8,
        "hasTexture": false,
        "hasRoughnessTexture": true,
        "roughnessPath": "Marble-Roughness.jpg"
      },
      {
        "name": "tabletop",
        "colour": [
          0.6,
          0.5,
          0.4,
          1.0
        ],
        "metallic": 0,
        "roughness": 0.2,
        "hasTexture": false,
        "hasRoughnessTexture": true,
        "roughnessPath": "Marble-Roughness.jpg"
      }
    ]
  }
  