{
  "positions": [
    {"id": "001","pos":   [-28.7, 0.5, -5.8]},
    {"id": "002","pos":   [-30, 0.5, 0.027]},
    {"id": "003","pos":   [-39.6, 0.5, 12.2]},
    {"id": "004", "pos": [-38.02, 0.5, 12.7]},
    {"id": "005","pos":   [-34.3, 0.5, 13]},
    {"id": "006","pos":   [-24.84, 0.5, 2.1]},
    {"id": "007","pos":   [-24.84, 0.5, -0.5]},
    {"id": "008","pos":   [-24.8, 0.5, 6.4]},
    {"id": "009","pos":   [-22, 0.5, -3.55]},
    {"id": "010","pos":   [-19.9, 0.5, 9.6]},
    {"id": "011","pos":   [-19.8, 0.5, 3.4]},
    {"id": "012","pos":   [-0.5, 0.5, 5.3]},
    {"id": "050","pos":   [-31.42, 0.5, 8]},
    {"id": "0c01","pos":   [-21.3, 0.5, -7.9]},
    {"id": "0c02","pos":   [-13.5, 0.5, -7.41]},
    {"id": "0c03","pos":   [-4.0, 0.5, -0.1]},
    {"id": "0c05","pos":   [-4, 0.5, -6.35]},
    {"id": "0c10","pos":   [6.6, 0.5, -5.9]},
    {"id": "0c11","pos":   [15.55, 0.5, 1.34]},
    {"id": "0c13","pos":   [29, 0.5, -4.7]},
    {"id": "0c14","pos":   [34.27, 0.5, -5.4]},
    {"id": "0c21","pos":   [42.6, 0.5, -2]},


    {"id": "1.01", "pos": [-25.6, 0.5, 7.7]},
    {"id": "1.02","pos":   [-20.5, 0.5, 0.3]},
    {"id": "1.03","pos":   [-23, 0.5, 8.0]},
    {"id": "1.04","pos":   [-16.3, 0.5, 0.3]},
    {"id": "1.05","pos":   [1.9, 0.5, 9]},
    {"id": "1.06","pos":   [-16.5, 0.5, 3.7]},
    {"id": "1.07","pos":   [-8.3, 0.5, 2.9]},
    {"id": "1.08","pos":   [3, 0.5, 0.3]},
    {"id": "1.09","pos":   [8.3, 0.5, 3.8]},
    {"id": "1.10","pos":   [-9.1, 0.5, -4.3]},
    {"id": "1.11","pos":   [-22.5, 0.5, -8.6]},
    {"id": "1.12","pos":   [-16.8, 0.5, -8.1]},
    {"id": "1.13","pos":   [-13.9, 0.5, -1]},
    {"id": "1.14","pos":   [3.1, 0.5, -0.7]},
    {"id": "1.50","pos":   [-25.8, 0.5, 3.3]},
    {"id": "1.51","pos":   [12.9, 0.5, 3.9]},
    {"id": "1c01","pos":   [-16.6, 0.5, -11.5]},
    {"id": "1c02","pos":   [-8.6, 0.5, -10.1]},
    {"id": "1c03","pos":   [-0.5, 0.5, -7.8]},
    {"id": "1c10","pos":   [24.5, 0.5, 0.3]},
    {"id": "1c11","pos":   [19.2, 0.5, -4.1]},




    {"id": "2.01","pos":  [-22.6, 0.5, 7.6]},
    {"id": "2.02","pos":  [-12.5, 0.5, 10]},
    {"id": "2.03","pos":  [-13.7, 0.5, 4.0]},
    {"id": "2.06","pos":  [-9, 0.5, 10]},
    {"id": "2.07","pos":  [-6.5, 0.5, 10]},
    {"id": "2.08","pos":  [0.0, 0.5, 10.0]},
    {"id": "2.09","pos":  [3.4, 0.5, 6.1]},
    {"id": "2.10","pos":  [2.9, 0.5, 2.6]},
    {"id": "2.11","pos":  [-6.9, 0.5, 3.7]},
    {"id": "2.14","pos":  [8.5, 0.5, 2]},
    {"id": "2.15","pos":  [9.6, 0.5, 5.1]},
    {"id": "2.16","pos":  [8.3, 0.5, -3]},
    {"id": "2.17","pos":  [-15.4, 0.5, -3]},
    {"id": "2.18","pos":  [-19.6, 0.5, 4.4]},
    {"id": "2.19","pos":  [-22.8, 0.5, -8.7]},
    {"id": "2.25","pos":  [-16.9, 0.5, -8]},
    {"id": "2.50","pos":  [-26, 0.5, 3.7]},
    {"id": "2.51","pos":  [13.1, 0.5, 3]},
    {"id": "2c01","pos":  [-16.3, 0.5, -11.9]},
    {"id": "2c02","pos":  [-3.2, 0.5, -9.4]},
    {"id": "2c03","pos":  [0.7, 0.5, -6.6]},
    {"id": "2c11","pos":  [19.9, 0.5, -4.8]},



    {"id": "3.01","pos":  [-17.3, 0.5, 8.8]},
    {"id": "3.04","pos":  [-12.76, 0.5, 2.22]},
    {"id": "3.05","pos":  [-10, 0.5, 2.22]},
    {"id": "3.19","pos":  [1.68, 0.5, 2.66]},
    {"id": "3.20","pos":  [1.56, 0.5, 8.00]},
    {"id": "3.30","pos":  [14.0, 0.5, 2.6]},
    {"id": "3.31","pos":  [14.27, 0.5, 7.02]},
    {"id": "3.33","pos":  [1.6, 0.5, 5.1]},
    {"id": "3.39","pos":  [-18.11, 0.5, -5]},
    {"id": "3.40","pos":  [-10.6, 0.5, -7]},
    {"id": "3.41","pos":  [-16.6, 0.5, -10.8]},
    {"id": "3.42","pos":  [-17.5, 0.5, 1.7]},
    {"id": "3.50","pos":  [-19.6, 0.5, 3.7]},
    {"id": "3.51","pos":  [18.8, 0.5, 4.27]},
    {"id": "3c01","pos":  [-10, 0.5, -11]},
    {"id": "3c02","pos":  [-2.3, 0.5, -9]},
    {"id": "3c03","pos":  [5.8, 0.5, -7.26]},
    {"id": "3c04","pos":  [10.68, 0.5, -6.5]},
    {"id": "3c05","pos":  [12.7, 0.5, -6.5]},
    {"id": "3c07","pos":  [31.44, 0.5, -3.3]},
    {"id": "3c11","pos":  [25.3, 0.5, -3.8]},


    {"id": "4.01","pos":  [-25, 0.5, 10]},
    {"id": "4.50","pos":  [-20.6, 0.5, 4.3]},
    {"id": "4.04","pos":  [-20.5, 0.5, 4.27]},
    {"id": "4.05","pos":  [-19, 0.5, 9.4]},
    {"id": "4.06","pos":  [-17.94, 0.5, 4.1]},
    {"id": "4.17","pos":  [-6.1, 0.5, 10.2]},
    {"id": "4.20","pos":  [-5.8, 0.5, 4.6]},
    {"id": "4.27","pos":  [5.46, 0.5, 8.8]},
    {"id": "4.29","pos":  [8.00, 0.5, 4.8]},
    {"id": "4.31","pos":  [-5.8, 0.5, 5.7]},
    {"id": "4.50","pos":  [-27.37, 0.5, 5.6]},
    {"id": "4.51","pos":  [11.35, 0.5, 5.9]},
   



    {"id": "5.01","pos":  [-12.48, 0.5, -1.27]},
    {"id": "5.04","pos":  [-7.60, 0.5, -7.10]},
    {"id": "5.05","pos":  [-7.20, 0.5, -5.20]},
    {"id": "5.11","pos":  [4.23, 0.5, -4.04]},
    {"id": "5.12","pos":  [-11, 0.5, -7.10]},
    {"id": "5.50","pos":  [-15.00, 0.5, -5.00]},
    {"id": "5.51","pos":  [24.3, 0.5, -5.50]},


    {"id": "6.01","pos":  [-2.8, 0.5, -3.1]},
    {"id": "6.02","pos":  [-9.5, 0.5, -4]},
    {"id": "6.50","pos":  [-12.5, 0.5, -4.2]}
  ]
}